{"loss": [5.360249996185303, 5.067634105682373, 4.841809272766113, 4.613584995269775, 4.451418399810791, 4.275207996368408, 4.134157180786133, 3.9980955123901367, 3.8734583854675293, 3.763173818588257, 3.6354124546051025, 3.493870258331299, 3.383589267730713, 3.2705471515655518, 3.177793264389038, 3.0522756576538086, 2.967820167541504, 2.858800172805786, 2.728686571121216, 2.643061399459839], "accuracy": [0.007528363727033138, 0.014950694516301155, 0.02428162470459938, 0.03658148646354675, 0.04771498218178749, 0.06086311116814613, 0.07793447375297546, 0.09606616199016571, 0.10709362477064133, 0.12130209058523178, 0.1432509869337082, 0.15798960626125336, 0.18015056848526, 0.1970098614692688, 0.21121832728385925, 0.23263704776763916, 0.2531014680862427, 0.2685823440551758, 0.2949846386909485, 0.3189481496810913], "val_loss": [5.345771789550781, 5.377078056335449, 4.762335300445557, 4.777538299560547, 4.508939266204834, 4.613260269165039, 4.761258125305176, 4.185238838195801, 4.419340133666992, 3.895961046218872, 3.811746835708618, 3.9667890071868896, 4.222620964050293, 3.944763422012329, 3.6968421936035156, 3.837761878967285, 3.828859567642212, 3.7100632190704346, 3.700518846511841, 3.721707344055176], "val_accuracy": [0.0067882901057600975, 0.010182435624301434, 0.02842596545815468, 0.02842596545815468, 0.041578277945518494, 0.050487909466028214, 0.06279168277978897, 0.08358082175254822, 0.07636826485395432, 0.10988544672727585, 0.14255408942699432, 0.12685617804527283, 0.10903691500425339, 0.1421298235654831, 0.1650402992963791, 0.14976665377616882, 0.17182859778404236, 0.17649555206298828, 0.19728468358516693, 0.18710224330425262], "training_time": 10653.296616315842}