{"loss": [5.231461048126221, 4.91438102722168, 4.639917850494385, 4.369101524353027, 4.125624656677246, 3.9121389389038086, 3.750032424926758, 3.5918691158294678, 3.437758445739746, 3.2852182388305664, 3.1791598796844482, 3.075216054916382, 2.9661054611206055, 2.8477673530578613, 2.7746663093566895, 2.6939265727996826, 2.5761451721191406], "accuracy": [0.011345562525093555, 0.019616158679127693, 0.040080584585666656, 0.06881561130285263, 0.0910826027393341, 0.122362419962883, 0.14537164568901062, 0.16859294474124908, 0.18895132839679718, 0.22256387770175934, 0.23719647526741028, 0.2580850422382355, 0.2791856527328491, 0.3014526665210724, 0.30580002069473267, 0.33018767833709717, 0.3503340184688568], "val_loss": [5.058369159698486, 4.847239971160889, 4.597606658935547, 4.341172695159912, 4.2741289138793945, 4.138202667236328, 4.036369323730469, 4.027993679046631, 3.976365804672241, 4.056378364562988, 3.9933624267578125, 3.9066896438598633, 4.093837738037109, 4.122188091278076, 3.945873975753784, 4.274231910705566, 4.284733295440674], "val_accuracy": [0.013576580211520195, 0.03521425649523735, 0.05515485629439354, 0.07254984974861145, 0.08527789264917374, 0.10861264169216156, 0.10818837583065033, 0.1277047097682953, 0.14128129184246063, 0.13703860342502594, 0.14637251198291779, 0.16716164350509644, 0.14170555770397186, 0.16291896998882294, 0.1837081015110016, 0.17607127130031586, 0.1752227395772934], "training_time": 2759.4421615600586}